"film_id","title","rating","category","revenue"
879,"Telegraph Voyage","PG","Music","215.75"
1000,"Zorro Ark","NC-17","Comedy","199.72"
973,"Wife Turn","NC-17","Documentary","198.73"
460,"Innocent Usual","PG-13","Foreign","191.74"
444,"Hustler Party","NC-17","Comedy","190.78"
764,"Saturday Lambs","G","Sports","190.74"
893,"Titans Jerk","PG","Sci-Fi","186.73"
403,"Harry Idaho","PG-13","Drama","177.73"
897,"Torque Bound","G","Drama","169.76"
239,"Dogma Family","G","Animation","168.72"
670,"Pelican Comforts","PG","Documentary","165.77"
369,"Goodfellas Salute","PG","Sci-Fi","164.75"
327,"Fool Mockingbird","PG","Action","162.79"
31,"Apache Divine","NC-17","Family","160.72"
284,"Enemy Odds","NC-17","Music","159.75"
127,"Cat Coneheads","G","Comedy","159.73"
771,"Scorpion Apollo","NC-17","Drama","158.79"
715,"Range Moonwalker","PG","Family","158.77"
767,"Scalawag Duck","NC-17","Music","157.71"
865,"Sunrise League","PG-13","Animation","155.78"
527,"Lola Agent","PG","Horror","154.77"
551,"Maiden Home","PG","New","152.78"
938,"Velvet Terminator","R","Comedy","152.77"
159,"Closer Bang","R","Comedy","152.76"
103,"Bucket Brotherhood","PG","Travel","150.72"
846,"Sting Personal","NC-17","New","149.80"
892,"Titanic Boondock","R","Animation","149.78"
563,"Massacre Usual","R","Games","149.75"
624,"Nightmare Chill","PG","Games","148.79"
941,"Videotape Arsenic","NC-17","Games","148.76"
21,"American Circus","R","Action","146.81"
979,"Witches Panic","NC-17","Drama","146.75"
791,"Show Lord","PG-13","Documentary","145.78"
579,"Minds Truman","PG-13","Action","144.81"
989,"Working Microcosmos","R","Travel","144.78"
408,"Head Stranger","R","Games","142.79"
985,"Wonderland Christmas","PG","Sci-Fi","142.79"
972,"Whisperer Giant","PG-13","Sci-Fi","141.80"
330,"Forrester Comancheros","NC-17","Animation","141.74"
48,"Backlash Undefeated","PG-13","Children","140.84"
244,"Dorado Notting","NC-17","Music","140.78"
86,"Boogie Amelie","R","Music","140.74"
778,"Secrets Paradise","G","Family","139.82"
580,"Mine Titans","PG-13","New","138.83"
683,"Pity Bound","NC-17","Drama","138.77"
838,"Stagecoach Armageddon","R","Action","138.77"
856,"Streetcar Intentions","R","Horror","137.77"
745,"Roses Treasure","PG-13","Sports","137.77"
307,"Fellowship Autumn","NC-17","Travel","137.76"
843,"Steel Santa","NC-17","Classics","136.78"
174,"Confidential Interview","NC-17","Music","136.76"
911,"Trip Newton","PG-13","Action","135.74"
324,"Flintstones Happiness","PG-13","Comedy","134.83"
350,"Garden Island","G","Sci-Fi","134.82"
861,"Suit Walls","R","Games","134.81"
267,"Eagles Panky","NC-17","New","134.81"
320,"Flamingos Connecticut","PG-13","New","134.78"
45,"Attraction Newton","PG-13","New","133.78"
902,"Trading Pinocchio","PG","Sports","133.77"
271,"Easy Gladiator","G","Action","132.80"
409,"Heartbreakers Bright","G","Children","132.80"
263,"Durham Panky","R","Sports","132.76"
596,"Moonshine Cabin","PG-13","Games","131.80"
253,"Drifter Commandments","PG-13","Action","131.78"
614,"Name Detective","PG-13","Games","131.78"
10,"Aladdin Calendar","NC-17","Sports","131.77"
172,"Coneheads Smoochy","NC-17","Drama","131.76"
521,"Lies Treatment","NC-17","Drama","131.76"
575,"Midsummer Groundhog","G","Documentary","129.82"
227,"Details Packer","R","Games","128.82"
706,"Queen Luke","PG","Drama","128.79"
898,"Tourist Pelican","PG-13","Sports","126.81"
755,"Sabrina Midnight","PG","Children","126.79"
500,"Kiss Glory","PG-13","Foreign","126.79"
518,"Liaisons Sweet","PG","Travel","126.79"
775,"Seattle Expecations","PG-13","Drama","125.80"
61,"Beauty Grease","G","Drama","125.79"
603,"Movie Shakespeare","PG","Family","125.78"
361,"Gleaming Jawbreaker","NC-17","Sports","125.72"
135,"Chance Resurrection","R","Sports","124.76"
112,"Calendar Gunfight","NC-17","Foreign","123.82"
412,"Heavyweights Beast","G","Documentary","123.78"
763,"Satisfaction Confidential","G","Sports","122.84"
995,"Yentl Idaho","R","Horror","122.79"
167,"Coma Head","NC-17","Travel","122.77"
131,"Center Dinosaur","PG","Classics","121.79"
804,"Sleeping Suspects","PG-13","Horror","121.78"
698,"Princess Giant","NC-17","Documentary","121.77"
702,"Pulp Beverly","G","Horror","121.74"
501,"Kissing Dolls","R","Action","120.83"
215,"Dawn Pond","PG","Games","120.83"
818,"Something Duck","NC-17","Drama","120.82"
908,"Trap Guys","G","Foreign","119.85"
680,"Pinocchio Simon","PG","Comedy","119.82"
710,"Rage Games","R","Family","119.81"
73,"Bingo Talented","PG-13","Sci-Fi","119.75"
243,"Doors President","NC-17","Animation","118.82"
222,"Desert Poseidon","R","Horror","118.81"
556,"Maltese Hope","PG-13","Games","118.79"
869,"Suspects Quills","PG","Action","118.73"
313,"Fidelity Devil","G","Horror","117.82"
814,"Snatch Slipper","PG","Comedy","117.80"
415,"High Encino","R","Horror","117.79"
964,"Waterfront Deliverance","G","Action","116.84"
572,"Metropolis Coma","PG-13","Sci-Fi","116.76"
621,"Network Peak","PG-13","Family","116.73"
439,"Hunchback Impossible","PG-13","Drama","115.83"
734,"Road Roxanne","R","Documentary","115.83"
334,"Freddy Storm","NC-17","Horror","115.79"
69,"Beverly Outlaw","R","Sci-Fi","115.79"
183,"Conversation Downhill","R","Family","114.83"
129,"Cause Date","R","Documentary","114.81"
971,"Whale Bikini","PG-13","Foreign","113.85"
506,"Lady Stage","PG","Horror","113.84"
720,"Redemption Comforts","NC-17","New","113.80"
857,"Strictly Scarface","PG-13","Comedy","113.77"
777,"Secretary Rouge","PG","Sports","112.82"
6,"Agent Truman","PG","Foreign","111.81"
117,"Candles Grapes","NC-17","Games","111.80"
590,"Money Harold","PG","New","111.80"
583,"Mission Zoolander","PG-13","Animation","110.84"
465,"Interview Liaisons","R","New","110.82"
694,"Prejudice Oleander","PG-13","Classics","110.81"
730,"Ridgemont Submarine","PG-13","New","110.72"
878,"Teen Apollo","G","Travel","109.86"
785,"Shawshank Bubble","PG","Travel","109.81"
35,"Arachnophobia Rollercoaster","PG-13","Horror","109.77"
433,"Horn Working","PG","Animation","109.77"
109,"Butterfly Chocolat","G","New","108.74"
170,"Command Darling","PG-13","Foreign","107.84"
354,"Ghost Groundhog","G","Children","107.81"
676,"Philadelphia Wife","PG-13","Sports","107.80"
768,"Scarface Bang","PG-13","Children","106.84"
827,"Spice Sorority","NC-17","Drama","106.81"
100,"Brooklyn Desert","R","Foreign","106.81"
300,"Falcon Volume","PG-13","Animation","106.81"
946,"Virtual Spoilers","NC-17","Family","105.87"
346,"Galaxy Sweethearts","R","Classics","105.84"
512,"League Hellfighters","PG-13","Classics","105.83"
139,"Chasing Fight","PG","Family","105.82"
725,"Requiem Tycoon","R","Classics","105.82"
255,"Driving Polish","NC-17","Music","105.81"
776,"Secret Groundhog","PG","Documentary","105.81"
723,"Reign Gentlemen","PG-13","Sci-Fi","105.81"
162,"Clueless Bucket","R","Action","105.77"
854,"Strangers Graffiti","R","Horror","104.86"
95,"Breakfast Goldfinger","G","New","104.84"
484,"Jerk Paycheck","NC-17","Classics","104.81"
915,"Truman Crazy","G","Action","104.80"
961,"Wash Heavenly","R","Foreign","104.80"
37,"Arizona Bang","PG","Classics","104.79"
397,"Hanky October","NC-17","Sci-Fi","104.77"
919,"Tycoon Gathering","G","Games","103.88"
578,"Million Ace","PG-13","Classics","103.83"
805,"Sleepless Monsoon","G","Animation","103.83"
637,"Open African","PG","Sci-Fi","103.81"
25,"Angels Life","G","New","103.80"
199,"Cupboard Sinners","R","Documentary","103.78"
378,"Greatest North","NC-17","Music","103.73"
77,"Birds Perdition","G","New","102.83"
922,"Undefeated Dalmations","PG-13","Horror","102.81"
823,"South Wait","R","Action","102.79"
891,"Timberland Sky","G","Classics","102.74"
331,"Forward Temple","NC-17","Games","102.74"
666,"Paycheck Wait","PG-13","Drama","101.84"
44,"Attacks Hate","PG-13","Sci-Fi","101.84"
294,"Expecations Natural","PG-13","Travel","101.83"
871,"Sweden Shining","PG","Comedy","101.83"
895,"Tomorrow Hustler","R","Classics","101.76"
760,"Samurai Lion","G","New","101.76"
691,"Poseidon Forever","PG-13","Sports","100.83"
356,"Giant Troopers","R","Children","100.74"
468,"Invasion Cyclone","PG","Children","100.74"
175,"Confused Candles","PG-13","Family","99.84"
845,"Stepmom Dream","NC-17","Foreign","99.81"
502,"Knock Warlock","PG-13","Comedy","99.79"
285,"English Bulworth","PG-13","Sci-Fi","99.74"
392,"Hall Cassidy","NC-17","Children","98.84"
274,"Egg Igby","PG","Documentary","98.81"
101,"Brotherhood Blanket","R","Documentary","98.77"
887,"Thief Pelican","PG-13","Animation","97.84"
476,"Jason Trap","NC-17","Family","97.77"
382,"Grit Clockwork","PG","Games","97.72"
738,"Rocketeer Mother","PG-13","Foreign","97.72"
789,"Shock Cabin","PG-13","Foreign","96.71"
483,"Jericho Mulan","NC-17","Games","95.84"
456,"Inch Jet","NC-17","Animation","95.82"
759,"Salute Apollo","R","New","95.80"
349,"Gangs Pride","PG-13","Animation","95.78"
445,"Hyde Doctor","G","Classics","95.76"
71,"Bilko Anonymous","PG-13","Family","94.88"
365,"Gold River","R","Comedy","94.86"
570,"Mermaid Insects","NC-17","Sports","94.85"
336,"French Holiday","PG","Documentary","94.84"
370,"Gorgeous Bingo","R","Children","94.83"
668,"Peak Forever","PG","Sports","94.82"
665,"Patton Interview","PG","Horror","94.79"
304,"Fargo Gandhi","G","Children","94.79"
319,"Fish Opus","R","Sci-Fi","94.78"
295,"Expendable Stallion","PG","Documentary","94.74"
835,"Spy Mile","PG-13","Games","94.73"
216,"Day Unfaithful","G","New","93.88"
678,"Pickup Driving","G","Sports","93.85"
859,"Sugar Wonka","PG","Animation","93.85"
59,"Bear Graceland","R","Children","93.81"
114,"Camelot Vacation","NC-17","Sci-Fi","93.76"
873,"Sweethearts Suspects","G","Children","93.73"
969,"West Lion","G","Drama","92.86"
396,"Hanging Deep","G","Drama","92.85"
184,"Core Suit","PG-13","Classics","92.84"
486,"Jet Neighbors","R","Foreign","92.83"
414,"Hellfighters Sierra","PG","Foreign","92.81"
305,"Fatal Haunted","PG","New","92.77"
798,"Silverado Goldfinger","PG","Sci-Fi","91.88"
226,"Destiny Saturday","G","New","91.85"
51,"Balloon Homeward","NC-17","Music","91.78"
260,"Dude Blindness","G","Sports","90.87"
980,"Wizard Coldblooded","PG","Music","90.85"
447,"Ice Crossing","R","Games","90.78"
704,"Pure Runner","NC-17","Comedy","89.85"
165,"Coldblooded Darling","G","Sci-Fi","89.84"
451,"Igby Maker","NC-17","Travel","89.83"
930,"Vacation Boondock","R","Sci-Fi","89.81"
739,"Rocky War","PG-13","Drama","88.87"
568,"Memento Zoolander","NC-17","Comedy","88.87"
116,"Candidate Perdition","R","Classics","88.82"
571,"Metal Armageddon","PG-13","Documentary","88.79"
880,"Telemark Heartbreakers","PG-13","Animation","88.76"
450,"Idols Snatchers","NC-17","Children","88.76"
65,"Behavior Runaway","PG","Horror","87.89"
98,"Bright Encounters","PG-13","Drama","87.88"
321,"Flash Wars","NC-17","New","87.88"
446,"Hysterical Grail","PG","Sports","87.85"
212,"Darn Forrester","G","Action","87.83"
57,"Basic Easy","PG-13","Travel","87.80"
166,"Color Philadelphia","G","Classics","87.78"
649,"Oz Liaisons","R","Animation","87.78"
654,"Panky Submarine","G","Games","86.88"
8,"Airport Pollock","R","Horror","86.85"
803,"Slacker Liaisons","R","Drama","86.84"
944,"Virgin Daisy","PG-13","Drama","86.84"
773,"Seabiscuit Punk","NC-17","Sports","86.76"
609,"Muscle Bright","G","Travel","86.73"
489,"Juggler Hardly","PG-13","Animation","86.71"
203,"Daisy Menagerie","G","Sci-Fi","85.86"
844,"Steers Armageddon","PG","Sports","85.85"
735,"Robbers Joon","PG-13","Children","85.74"
179,"Conquerer Nuts","G","Drama","84.87"
141,"Chicago North","PG-13","Games","84.85"
772,"Sea Virgin","PG","Drama","84.81"
15,"Alien Center","NC-17","Foreign","84.80"
55,"Barbarella Streetcar","G","Sci-Fi","84.78"
559,"Married Go","G","Sci-Fi","84.74"
682,"Pittsburgh Hunchback","PG-13","Family","83.89"
655,"Panther Reds","NC-17","Sci-Fi","83.86"
532,"Loser Hustler","PG","Sports","83.86"
757,"Sagebrush Clueless","G","Documentary","83.86"
265,"Dying Maker","PG","Comedy","83.85"
329,"Forrest Sons","R","Action","83.83"
841,"Star Operation","PG","Sports","83.80"
4,"Affair Prejudice","G","Horror","83.79"
644,"Oscar Gold","PG","Animation","83.75"
611,"Musketeers Wait","PG","Classics","82.85"
421,"Holiday Games","PG-13","Foreign","82.85"
7,"Airplane Sierra","PG-13","Comedy","82.85"
123,"Casablanca Super","G","Travel","82.84"
443,"Hurricane Affair","PG","Comedy","82.77"
662,"Paths Control","PG","Drama","81.90"
398,"Hanover Galaxy","NC-17","Music","81.86"
115,"Campus Remember","R","Action","81.83"
753,"Rush Goodfellas","PG","Family","81.72"
251,"Dragonfly Strangers","NC-17","New","80.86"
667,"Peach Innocent","PG-13","Sports","80.86"
438,"Human Graffiti","NC-17","Games","80.85"
936,"Vanishing Rocky","NC-17","Music","80.83"
643,"Orient Closer","R","Drama","80.83"
958,"Wardrobe Phantom","G","Drama","80.77"
638,"Operation Operation","G","Comedy","80.75"
68,"Betrayed Rear","NC-17","Children","79.87"
272,"Edge Kissing","NC-17","Drama","79.87"
70,"Bikini Borrowers","NC-17","Animation","79.86"
121,"Carol Texas","PG","Animation","79.83"
657,"Paradise Sabrina","PG-13","Comedy","79.82"
852,"Strangelove Desire","NC-17","Children","79.78"
625,"None Spiking","NC-17","Sci-Fi","79.75"
867,"Super Wyoming","PG","Family","78.88"
858,"Submarine Bed","R","Comedy","78.87"
749,"Rules Human","R","Horror","78.87"
229,"Devil Desire","R","Action","78.86"
385,"Groundhog Uncut","PG-13","Comedy","78.86"
481,"Jekyll Frogmen","PG","New","78.84"
464,"Intentions Empire","PG-13","Animation","78.83"
608,"Murder Antitrust","PG","Children","78.79"
78,"Blackout Private","PG","Animation","78.77"
901,"Tracy Cider","G","Animation","78.76"
181,"Contact Anonymous","PG-13","Travel","78.76"
220,"Deer Virginian","NC-17","Music","78.76"
711,"Raging Airplane","R","Sci-Fi","77.88"
708,"Quills Bull","R","Documentary","77.87"
190,"Creepers Kane","NC-17","Classics","77.87"
628,"Northwest Polish","PG","Sports","77.82"
326,"Flying Hook","NC-17","Animation","77.81"
402,"Harper Dying","G","Animation","77.80"
707,"Quest Mussolini","R","Action","77.80"
234,"Disturbing Scarface","R","Sci-Fi","77.77"
154,"Clash Freddy","G","Animation","77.77"
434,"Horror Reign","R","Travel","77.75"
531,"Lose Inch","R","Foreign","77.74"
917,"Tuxedo Mile","R","Sports","76.87"
588,"Model Fish","NC-17","Children","76.87"
956,"Wanda Chamber","PG-13","Games","76.86"
510,"Lawless Vision","G","Animation","76.86"
381,"Grinch Massage","R","Games","76.86"
453,"Image Princess","PG-13","Sports","76.86"
50,"Baked Cleopatra","G","Family","76.85"
806,"Sleepy Japanese","PG","New","76.83"
616,"National Story","NC-17","Documentary","76.83"
920,"Unbreakable Karate","G","New","76.81"
782,"Shakespeare Saddle","PG-13","Sports","76.80"
49,"Badman Dawn","R","Sci-Fi","76.79"
471,"Island Exorcist","NC-17","Classics","76.77"
597,"Moonwalker Fool","G","Games","75.89"
177,"Connecticut Tramp","R","Sci-Fi","75.89"
219,"Deep Crusade","PG-13","Documentary","75.87"
420,"Holes Brannigan","PG","Sports","75.86"
774,"Searchers Wait","NC-17","Comedy","75.86"
820,"Sons Interview","NC-17","Animation","75.85"
83,"Blues Instinct","G","Family","75.82"
912,"Trojan Tomorrow","PG","Sci-Fi","75.82"
43,"Atlantis Cause","G","Family","75.79"
554,"Malkovich Pet","G","Classics","75.77"
46,"Autumn Crow","G","Games","74.90"
74,"Birch Antitrust","PG","Music","74.89"
455,"Impossible Prejudice","NC-17","Foreign","74.86"
542,"Lust Lock","G","Action","74.82"
322,"Flatliners Killer","G","Sports","74.81"
193,"Crossroads Casualties","G","Animation","74.80"
288,"Escape Metropolis","R","Travel","74.77"
341,"Frost Head","PG","Classics","74.72"
888,"Thin Sagebrush","PG-13","Documentary","73.89"
113,"California Birds","NC-17","Sports","73.89"
686,"Pluto Oleander","R","New","73.87"
987,"Words Hunter","PG","Music","73.86"
648,"Outlaw Hanky","PG-13","Travel","73.86"
953,"Wait Cider","PG-13","Animation","73.82"
302,"Fantasia Park","G","Games","73.81"
252,"Dream Pickup","PG","Action","73.80"
391,"Half Outfield","PG-13","Family","73.79"
210,"Darko Dorado","NC-17","Action","72.90"
432,"Hope Tootsie","NC-17","Classics","72.83"
67,"Berets Agent","PG-13","Action","72.80"
247,"Downhill Enough","G","Comedy","72.79"
151,"Cincinatti Whisperer","NC-17","Sci-Fi","71.89"
9,"Alabama Devil","PG-13","Horror","71.88"
81,"Blindness Gun","PG-13","Sci-Fi","71.87"
473,"Jacket Frisco","PG-13","Drama","71.84"
967,"Weekend Personal","R","Sci-Fi","71.83"
966,"Wedding Apollo","PG","Documentary","71.79"
480,"Jeepers Wedding","R","Classics","70.87"
765,"Saturn Name","R","Comedy","70.87"
173,"Confessions Maguire","PG-13","Drama","70.87"
308,"Ferris Mother","PG","Comedy","70.85"
724,"Remember Diary","R","Family","70.83"
914,"Trouble Date","PG","Travel","70.81"
645,"Others Soup","PG","Travel","70.80"
353,"Gentlemen Stage","NC-17","Foreign","70.80"
22,"Amistad Midsummer","G","New","70.79"
555,"Mallrats United","PG","Comedy","70.78"
214,"Daughter Madigan","PG-13","Children","69.91"
889,"Ties Hunger","R","Children","69.91"
60,"Beast Hunchback","R","Classics","69.90"
933,"Vampire Whale","NC-17","New","69.89"
169,"Comforts Rush","NC-17","Travel","69.85"
463,"Instinct Airport","PG","Sports","69.83"
323,"Flight Lies","R","Sports","68.88"
968,"Werewolf Lola","G","Action","68.88"
448,"Idaho Love","PG-13","New","68.85"
298,"Eyes Driving","PG-13","Sci-Fi","68.84"
99,"Bringing Hysterical","PG","Comedy","68.81"
418,"Hobbit Alien","PG-13","Drama","68.74"
20,"Amelie Hellfighters","R","Music","67.90"
519,"Liberty Magnificent","G","Sports","67.89"
231,"Dinosaur Secretary","R","Family","67.81"
491,"Jumping Wrath","NC-17","Children","67.79"
366,"Goldfinger Sensibility","G","Drama","67.79"
374,"Graffiti Love","PG","Sci-Fi","67.74"
748,"Rugrats Shakespeare","PG-13","Action","67.72"
120,"Caribbean Liberty","NC-17","Sports","66.92"
918,"Twisted Pirates","PG","Children","66.89"
207,"Dangerous Uptown","PG","Foreign","66.88"
661,"Past Suicides","PG-13","Foreign","66.88"
426,"Home Pity","R","Music","66.88"
84,"Boiled Dares","PG","Travel","66.87"
137,"Charade Duffel","PG","Sci-Fi","66.87"
991,"Worst Banger","PG","Action","66.85"
999,"Zoolander Fiction","R","Children","66.85"
275,"Egypt Tenenbaums","PG","Horror","66.84"
986,"Wonka Sea","NC-17","Animation","66.82"
689,"Pollock Deliverance","PG","Foreign","66.82"
853,"Stranger Strangers","G","Children","65.90"
929,"Usual Untouchables","PG-13","Foreign","65.88"
133,"Chamber Italian","NC-17","Music","65.88"
957,"War Notting","G","Foreign","65.88"
529,"Lonely Elephant","G","Comedy","65.87"
138,"Chariots Conspiracy","R","Sci-Fi","65.81"
437,"House Dynamite","R","Family","65.80"
816,"Snowman Rollercoaster","G","Animation","65.79"
545,"Madness Attacks","PG-13","Foreign","65.77"
277,"Elephant Trojan","PG-13","Horror","64.90"
312,"Fiddler Lost","R","Sci-Fi","64.90"
389,"Gunfighter Mussolini","PG-13","Sports","64.89"
544,"Madison Trap","R","Documentary","64.87"
236,"Divine Resurrection","R","Games","64.85"
870,"Swarm Gold","PG-13","Horror","64.77"
28,"Anthem Luke","PG-13","Comedy","63.89"
202,"Daddy Pittsburgh","G","Comedy","63.89"
599,"Mother Oleander","R","Sports","63.87"
72,"Bill Others","PG","Documentary","63.82"
134,"Champion Flatliners","PG","Animation","62.90"
347,"Games Bowfinger","PG-13","Travel","62.88"
536,"Lovely Jingle","PG","Classics","62.87"
693,"Potter Connecticut","PG","Animation","62.85"
716,"Reap Unfaithful","PG-13","Horror","62.84"
254,"Driver Annie","PG-13","Sports","62.84"
351,"Gaslight Crusade","PG","Horror","62.84"
619,"Neighbors Charade","R","Sports","62.83"
514,"Lebowski Soldiers","PG-13","Drama","62.82"
993,"Wrong Behavior","PG-13","Children","62.80"
228,"Detective Vision","PG-13","Classics","62.76"
525,"Loathing Legally","R","Classics","62.74"
126,"Casualties Encino","G","Action","61.92"
994,"Wyoming Storm","PG-13","New","61.89"
462,"Insider Arizona","NC-17","Music","61.83"
17,"Alone Trip","R","Music","61.83"
690,"Pond Seattle","PG-13","Animation","61.82"
292,"Excitement Eve","G","Action","61.80"
235,"Divide Monster","PG-13","Sci-Fi","61.80"
641,"Orange Grapes","PG-13","Foreign","61.78"
824,"Spartacus Cheaper","NC-17","Family","60.91"
640,"Opus Ice","R","Foreign","60.90"
626,"Noon Papi","G","Children","60.85"
269,"Earring Instinct","R","Family","60.83"
800,"Sinners Atlantis","PG-13","Horror","60.81"
266,"Dynamite Tarzan","PG-13","Classics","60.77"
301,"Family Sweet","R","Horror","60.73"
499,"King Evolution","NC-17","Family","59.92"
487,"Jingle Sagebrush","PG-13","Classics","59.89"
88,"Born Spinal","PG","Travel","59.88"
478,"Jaws Harry","G","Comedy","59.87"
42,"Artist Coldblooded","NC-17","Sports","59.86"
620,"Nemo Campus","NC-17","Sci-Fi","59.86"
557,"Manchurian Curtain","PG","Family","59.86"
429,"Honey Ties","R","Sports","59.84"
158,"Clones Pinocchio","R","Music","59.83"
56,"Barefoot Manchurian","G","Action","59.83"
428,"Homicide Peach","PG-13","Family","59.82"
811,"Smile Earring","G","Travel","58.90"
872,"Sweet Brotherhood","R","Travel","58.89"
615,"Nash Chocolat","PG-13","Animation","58.87"
344,"Fury Murder","PG-13","Children","58.83"
242,"Doom Dancing","R","Comedy","58.83"
142,"Chicken Hellfighters","PG","Documentary","58.81"
311,"Fiction Christmas","PG","Foreign","58.81"
651,"Packer Madigan","PG-13","Animation","58.80"
417,"Hills Neighbors","G","Action","58.79"
508,"Lambs Cincinatti","PG-13","Games","57.90"
881,"Temple Attraction","PG","Horror","57.90"
633,"October Submarine","PG-13","Classics","57.90"
796,"Sierra Divide","NC-17","Sports","57.85"
317,"Fireball Philadelphia","PG","Comedy","57.81"
93,"Brannigan Sunrise","PG","New","56.91"
276,"Element Freddy","NC-17","Comedy","56.90"
564,"Massage Image","PG","Animation","56.89"
567,"Meet Chocolate","G","Foreign","56.89"
639,"Opposite Necklace","PG","Family","56.89"
342,"Fugitive Maguire","R","Travel","56.89"
92,"Bowfinger Gables","NC-17","Horror","56.89"
449,"Identity Lover","PG-13","Sci-Fi","56.88"
916,"Turn Star","G","Animation","56.88"
189,"Creatures Shakespeare","NC-17","Games","56.84"
90,"Boulevard Mob","R","New","56.84"
150,"Cider Desire","PG","Documentary","56.83"
733,"River Outlaw","PG-13","Sports","56.82"
245,"Double Wrath","R","Animation","56.79"
376,"Grapes Fury","G","Foreign","56.77"
842,"State Wasteland","NC-17","Games","55.89"
24,"Analyze Hoosiers","R","Horror","55.86"
58,"Beach Heartbreakers","G","Documentary","55.86"
606,"Mummy Creatures","NC-17","Sports","55.85"
380,"Greek Everyone","PG","Foreign","55.83"
851,"Straight Hours","R","Sports","55.81"
548,"Magnificent Chitty","R","Classics","54.92"
13,"Ali Forever","PG","Horror","54.91"
537,"Lover Truman","G","Classics","54.91"
591,"Monsoon Cause","PG","Games","54.91"
709,"Racer Egg","NC-17","Drama","54.83"
647,"Outfield Massacre","NC-17","Music","54.82"
204,"Dalmations Sweden","PG","Drama","54.82"
890,"Tights Dawn","R","Sports","54.76"
632,"Nuts Ties","NC-17","New","53.91"
338,"Frisco Forrest","PG","Sci-Fi","53.91"
75,"Bird Independence","G","Travel","53.91"
152,"Circus Youth","PG-13","Children","53.86"
474,"Jade Bunch","NC-17","Sports","53.85"
672,"Perfect Groove","PG-13","Comedy","53.84"
314,"Fight Jawbreaker","R","Animation","53.80"
586,"Mockingbird Hollywood","PG","Action","53.78"
2,"Ace Goldfinger","G","Horror","52.93"
390,"Guys Falcon","R","Sci-Fi","52.92"
246,"Doubtfire Labyrinth","R","Foreign","52.91"
934,"Vanilla Day","NC-17","Games","52.91"
780,"Sensibility Rear","PG","Family","52.90"
731,"Right Cranes","PG-13","Classics","52.90"
705,"Purple Movie","R","Foreign","52.88"
783,"Shane Darkness","PG","Travel","52.87"
664,"Patriot Roman","PG","Action","52.85"
975,"Willow Tracy","R","Family","52.85"
358,"Gilmore Boiled","R","Classics","52.76"
653,"Panic Club","G","Horror","51.93"
627,"North Tequila","NC-17","Documentary","51.91"
679,"Pilot Hoosiers","PG","Family","51.86"
286,"Enough Raging","NC-17","Travel","51.84"
601,"Moulin Wake","PG-13","Travel","51.84"
746,"Rouge Squad","NC-17","Games","51.84"
23,"Anaconda Confessions","R","Animation","51.82"
494,"Karate Moon","PG-13","Horror","51.80"
533,"Lost Bird","PG-13","Foreign","50.90"
145,"Chisum Behavior","G","Family","50.90"
469,"Iron Moon","PG","Classics","50.90"
977,"Window Side","R","Travel","50.89"
728,"Reunion Witches","R","Drama","50.82"
26,"Annie Identity","G","Sci-Fi","50.81"
863,"Sun Confessions","R","Sci-Fi","50.77"
91,"Bound Cheaper","PG","Classics","50.76"
395,"Handicap Boondock","R","Action","50.76"
932,"Valley Packer","G","Comedy","49.88"
293,"Exorcist Sting","G","Sports","49.88"
561,"Mask Peach","NC-17","New","49.86"
410,"Heaven Freedom","PG","Comedy","49.85"
631,"Novocaine Flight","G","Sports","49.82"
147,"Chocolat Harry","NC-17","Family","49.81"
206,"Dancing Fever","G","Documentary","49.76"
659,"Park Citizen","PG-13","Action","48.94"
371,"Gosford Donnie","G","Action","48.92"
543,"Madigan Dorado","R","Travel","48.92"
587,"Mod Secretary","NC-17","Documentary","48.91"
729,"Rider Caddyshack","PG","Sports","48.89"
592,"Monster Spartacus","PG","Music","48.86"
937,"Varsity Trip","NC-17","New","48.84"
496,"Kick Savannah","PG-13","Travel","48.83"
737,"Rock Instinct","G","Horror","48.83"
807,"Sleuth Orient","NC-17","Games","48.81"
810,"Slums Duck","PG","Family","48.78"
779,"Sense Greek","R","Sports","47.93"
721,"Reds Pocus","PG-13","Music","47.92"
503,"Kramer Chocolate","R","Sports","47.91"
5,"African Egg","G","Thriller","47.89"
546,"Madre Gables","PG-13","Games","47.87"
232,"Dirty Ace","NC-17","Games","47.87"
988,"Worker Tarzan","R","Travel","47.86"
345,"Gables Metropolis","PG","Family","47.83"
406,"Haunting Pianist","R","Games","47.80"
945,"Virginian Pluto","R","Documentary","47.75"
984,"Wonderful Drop","NC-17","Foreign","46.92"
384,"Grosse Wonderful","R","Music","46.92"
905,"Trainspotting Strangers","PG-13","Comedy","46.91"
837,"Stage World","PG","Comedy","46.90"
900,"Town Ark","R","Foreign","46.87"
16,"Alley Evolution","NC-17","Foreign","46.87"
793,"Shrunk Divine","R","Action","46.87"
111,"Caddyshack Jedi","NC-17","Action","46.86"
913,"Troopers Metal","R","New","46.86"
458,"Indian Love","NC-17","Family","46.85"
623,"Newton Labyrinth","PG","Foreign","46.84"
388,"Gunfight Moon","NC-17","Comedy","46.79"
156,"Clerks Angels","G","Documentary","45.94"
124,"Casper Dragonfly","PG-13","Children","45.93"
528,"Lolita World","NC-17","Family","45.91"
104,"Bugsy Song","G","Foreign","45.91"
209,"Darkness War","NC-17","Drama","45.88"
927,"Uprising Uptown","NC-17","Action","45.87"
681,"Pirates Roxanne","PG","Sports","45.81"
197,"Crusade Honey","R","Sports","44.93"
211,"Darling Breaking","PG-13","Games","44.92"
826,"Speed Suit","PG-13","Travel","44.92"
788,"Ship Wonderland","R","Documentary","44.86"
436,"Hours Rage","NC-17","New","44.82"
256,"Drop Waterfront","R","Sports","43.92"
30,"Anything Savannah","R","Horror","43.92"
692,"Potluck Mixed","G","Animation","43.90"
573,"Microcosmos Paradise","PG-13","Children","43.88"
201,"Cyclone Family","PG","Foreign","43.87"
673,"Personal Ladybugs","PG-13","Music","43.87"
333,"Freaky Pocus","R","Music","43.86"
784,"Shanghai Tycoon","PG","Travel","43.86"
925,"United Pilot","R","Documentary","43.85"
363,"Go Purple","R","Music","43.83"
650,"Pacific Amistad","G","Documentary","43.81"
367,"Goldmine Tycoon","R","Sci-Fi","43.76"
470,"Ishtar Rocketeer","R","Animation","42.94"
750,"Run Pacific","R","New","42.91"
960,"Wars Pluto","G","Documentary","42.90"
296,"Express Lonely","R","Sci-Fi","42.88"
589,"Modern Dorado","PG","Documentary","42.88"
770,"Scissorhands Slums","G","Foreign","42.88"
921,"Uncut Suicides","PG-13","Music","42.87"
373,"Graduate Lord","G","Children","42.87"
847,"Stock Glass","PG","New","42.87"
287,"Entrapment Satisfaction","R","Action","42.87"
526,"Lock Rear","R","Travel","42.86"
504,"Kwai Homeward","PG-13","Drama","42.80"
951,"Voyage Legally","PG-13","Classics","42.75"
849,"Storm Happiness","NC-17","Animation","42.74"
703,"Punk Divorce","PG","Animation","41.93"
582,"Miracle Virtual","PG-13","Animation","41.92"
435,"Hotel Happiness","PG-13","Foreign","41.92"
431,"Hoosiers Birdcage","G","Foreign","41.92"
96,"Breaking Home","PG-13","New","41.90"
825,"Speakeasy Date","PG-13","Action","41.89"
213,"Date Speed","R","Family","41.88"
660,"Party Knock","PG","Comedy","41.88"
505,"Labyrinth League","PG-13","Children","41.87"
39,"Armageddon Lost","G","Sci-Fi","41.80"
161,"Clue Grail","NC-17","Music","40.93"
47,"Baby Hall","NC-17","Foreign","40.93"
289,"Eve Resurrection","G","New","40.93"
375,"Grail Frankenstein","NC-17","Action","40.92"
565,"Matrix Snowman","PG-13","Foreign","40.92"
876,"Tarzan Videotape","PG-13","Horror","40.92"
685,"Platoon Instinct","PG-13","New","40.92"
337,"Frida Slipper","R","Foreign","40.90"
658,"Paris Weekend","PG-13","Horror","40.88"
328,"Forever Candidate","NC-17","Children","40.88"
962,"Wasteland Divine","PG","Classics","40.88"
442,"Hunting Musketeers","NC-17","Family","40.88"
383,"Groove Fiction","NC-17","Sports","40.83"
906,"Tramp Others","PG","Comedy","40.82"
54,"Banger Pinocchio","R","Music","40.80"
833,"Splendor Patton","R","Children","40.79"
273,"Effect Gladiator","PG","Family","40.79"
687,"Pocus Pulp","NC-17","Documentary","40.75"
884,"Terminator Club","R","Music","39.94"
485,"Jersey Sassy","PG","Children","39.94"
316,"Fire Wolves","R","Games","39.93"
466,"Intolerable Intentions","PG-13","Documentary","39.93"
422,"Hollow Jeopardy","NC-17","Sci-Fi","39.92"
515,"Legally Secretary","PG","Children","39.92"
740,"Rollercoaster Bringing","PG-13","Horror","39.91"
530,"Lord Arizona","PG-13","Action","39.90"
394,"Hamlet Wisdom","R","Sci-Fi","39.88"
829,"Spinal Rocky","PG-13","Family","39.87"
110,"Cabin Flash","NC-17","Children","39.86"
652,"Pajama Jawbreaker","R","Classics","39.86"
233,"Disciple Mother","PG","Travel","39.82"
602,"Mourning Purple","PG","Sci-Fi","39.81"
472,"Italian African","G","Travel","38.94"
719,"Records Zorro","PG","Sports","38.93"
828,"Spiking Element","G","Classics","38.88"
574,"Midnight Westward","G","Action","38.84"
160,"Club Graffiti","PG-13","Animation","38.82"
282,"Encounters Curtain","NC-17","Drama","38.82"
982,"Women Dorado","R","Action","38.81"
191,"Crooked Frogmen","PG-13","Children","38.79"
677,"Pianist Outfield","NC-17","New","38.78"
372,"Graceland Dynamite","R","Sports","37.94"
522,"Life Twisted","NC-17","Comedy","37.92"
364,"Godfather Diary","NC-17","New","37.92"
939,"Vertigo Northwest","R","Comedy","37.92"
815,"Snatchers Montezuma","PG-13","Classics","37.91"
700,"Prix Undefeated","R","Family","37.90"
792,"Shrek License","PG-13","Foreign","37.88"
744,"Roots Remember","PG-13","Classics","37.86"
488,"Joon Northwest","NC-17","Sports","37.84"
164,"Coast Rainbow","PG","Documentary","37.82"
12,"Alaska Phantom","PG","Music","37.77"
119,"Caper Motions","G","Comedy","37.77"
268,"Early Home","NC-17","Animation","36.94"
279,"Elizabeth Shane","NC-17","Sports","36.93"
817,"Soldiers Evolution","R","Sci-Fi","36.93"
257,"Drumline Cyclone","G","Travel","36.90"
40,"Army Flintstones","R","Documentary","36.86"
618,"Necklace Outbreak","PG","Drama","36.86"
552,"Majestic Floats","PG","Documentary","36.85"
864,"Sundance Invasion","NC-17","Children","36.82"
461,"Insects Stone","NC-17","Animation","36.81"
467,"Intrigue Worst","G","Foreign","36.81"
790,"Shootist Superfly","PG-13","Drama","36.77"
970,"Westward Seabiscuit","NC-17","Classics","36.75"
697,"Primary Glass","G","Action","36.73"
102,"Bubble Grosse","R","Sports","35.94"
769,"School Jacket","PG-13","Foreign","35.94"
695,"President Bang","PG","Family","35.94"
340,"Frontier Cabin","PG-13","New","35.94"
360,"Glass Dying","G","Action","35.88"
303,"Fantasy Troopers","PG-13","Action","35.79"
850,"Story Side","R","Action","35.74"
595,"Moon Bunch","PG","Foreign","35.74"
278,"Elf Murder","NC-17","Music","34.94"
3,"Adaptation Holes","NC-17","Documentary","34.89"
549,"Magnolia Forrester","PG-13","Action","34.89"
452,"Illusion Amelie","R","Foreign","34.87"
241,"Donnie Alley","NC-17","Animation","34.87"
877,"Taxi Kick","PG-13","Music","34.83"
457,"Independence Hotel","NC-17","Documentary","34.82"
200,"Curtain Videotape","PG-13","Games","34.77"
122,"Carrie Bunch","PG","Horror","34.77"
270,"Earth Vision","NC-17","New","34.77"
875,"Talented Homicide","PG","Sports","34.76"
310,"Fever Empire","R","Games","33.95"
187,"Cranes Reservoir","NC-17","Sports","33.91"
550,"Maguire Apache","NC-17","Family","33.91"
952,"Wagon Jaws","PG","Documentary","33.91"
80,"Blanket Beverly","G","Family","33.90"
577,"Mile Mulan","PG","Sports","33.89"
832,"Splash Gump","PG","Family","33.86"
963,"Watch Tracy","PG","Animation","33.85"
524,"Lion Uncut","PG","Comedy","33.83"
1,"Academy Dinosaur","PG","Documentary","33.79"
976,"Wind Phantom","R","Games","33.79"
883,"Tequila Past","PG","Children","32.94"
411,"Heavenly Gun","NC-17","Music","32.94"
106,"Bulworth Commandments","G","Games","32.93"
540,"Lucky Flying","PG-13","Music","32.90"
553,"Maker Gables","PG-13","Children","32.90"
848,"Stone Fire","G","Travel","32.90"
756,"Saddle Antitrust","PG-13","Comedy","32.89"
736,"Robbery Bright","R","Family","32.88"
862,"Summer Scarface","G","Classics","32.86"
840,"Stampede Disturbing","R","Games","32.86"
949,"Volcano Texas","NC-17","Games","32.81"
19,"Amadeus Holy","PG","Action","32.80"
224,"Desperate Trainspotting","G","Travel","31.94"
248,"Dozen Lion","NC-17","Documentary","31.94"
405,"Haunted Antitrust","NC-17","Travel","31.94"
182,"Control Anthem","G","Comedy","31.94"
225,"Destination Jerk","PG-13","Drama","31.92"
758,"Saints Bride","G","Drama","31.92"
306,"Feathers Metal","PG-13","Games","31.91"
714,"Random Go","NC-17","Sci-Fi","31.91"
413,"Hedwig Alter","NC-17","Comedy","31.90"
576,"Mighty Luck","PG","Documentary","31.90"
819,"Song Hedwig","PG-13","Music","31.90"
617,"Natural Stock","PG-13","Family","31.88"
732,"Rings Heartbreakers","G","Action","31.87"
85,"Bonnie Holocaust","G","Documentary","31.85"
948,"Voice Peach","PG-13","New","31.83"
646,"Outbreak Divine","NC-17","Games","31.82"
132,"Chainsaw Uptown","PG","Sci-Fi","31.81"
176,"Congeniality Quest","PG-13","Sports","31.81"
309,"Feud Frogmen","R","Family","31.80"
781,"Seven Swarm","R","Games","30.95"
82,"Blood Argonauts","G","Family","30.93"
490,"Jumanji Blade","G","New","30.92"
604,"Mulan Moon","G","Comedy","30.89"
886,"Theory Mermaid","PG-13","Animation","30.88"
299,"Factory Dragon","PG-13","Travel","30.85"
560,"Mars Roman","NC-17","Games","30.83"
140,"Cheaper Clyde","G","Sci-Fi","30.83"
18,"Alter Victory","PG-13","Animation","30.80"
387,"Gun Bonnie","G","Games","30.79"
11,"Alamo Videotape","G","Foreign","30.78"
393,"Halloween Nuts","PG-13","Documentary","29.92"
368,"Gone Trouble","R","Drama","29.92"
726,"Reservoir Adaptation","PG-13","Foreign","29.91"
978,"Wisdom Worker","R","Comedy","29.91"
761,"Santa Paris","PG","Children","29.90"
928,"Uptown Young","PG","Children","29.90"
794,"Side Ark","G","Action","29.88"
747,"Roxanne Rebel","R","Games","29.83"
79,"Blade Polish","PG-13","Drama","29.81"
143,"Chill Luck","PG","Drama","29.79"
541,"Luke Mummy","NC-17","Animation","28.93"
185,"Cowboy Doom","PG","Foreign","28.93"
926,"Untouchables Sunrise","NC-17","Documentary","28.93"
146,"Chitty Lock","G","Drama","28.92"
264,"Dwarfs Alter","G","Games","28.92"
983,"Won Dares","PG","Music","28.91"
482,"Jeopardy Encino","R","Classics","28.90"
896,"Tootsie Pilot","PG","Children","28.88"
205,"Dances None","NC-17","Action","28.87"
534,"Louisiana Harry","PG-13","Family","28.84"
130,"Celebrity Horn","PG-13","Action","28.79"
786,"Shepherd Midsummer","R","Children","28.77"
459,"Informer Double","NC-17","Foreign","27.95"
836,"Squad Fish","PG","Sports","27.93"
656,"Papi Necklace","PG","Travel","27.93"
29,"Antitrust Tomatoes","NC-17","Action","27.93"
240,"Dolls Rage","PG-13","Sci-Fi","27.92"
585,"Mob Duffel","G","Drama","27.90"
581,"Minority Kiss","G","Music","27.89"
250,"Dragon Squad","NC-17","Action","27.89"
155,"Cleopatra Devil","PG-13","New","27.85"
717,"Rear Trading","NC-17","Action","27.85"
743,"Room Roman","PG","Animation","27.82"
118,"Canyon Stock","R","Animation","27.81"
416,"Highball Potter","R","Foreign","27.81"
281,"Encino Elf","G","Games","27.81"
377,"Grease Youth","G","Family","27.80"
699,"Private Drop","PG","Games","26.95"
208,"Dares Pluto","PG-13","Animation","26.92"
674,"Pet Haunting","PG","Foreign","26.92"
923,"Unfaithful Kill","R","Drama","26.92"
188,"Crazy Home","PG","Comedy","26.91"
315,"Finding Anaconda","R","Family","26.90"
291,"Evolution Alter","PG-13","Sports","26.88"
280,"Empire Malkovich","G","Children","26.81"
149,"Christmas Moonshine","NC-17","Children","26.81"
107,"Bunch Minds","G","Drama","25.95"
684,"Pizza Jumanji","NC-17","Games","25.94"
223,"Desire Alien","NC-17","Animation","25.92"
907,"Translation Summer","PG-13","Drama","25.87"
600,"Motions Details","PG","Horror","25.87"
89,"Borrowers Bedazzled","G","Animation","25.80"
741,"Roman Punk","NC-17","Music","25.79"
904,"Train Bunch","R","Horror","24.96"
441,"Hunter Alter","PG-13","Documentary","24.95"
903,"Traffic Hobbit","G","Travel","24.95"
32,"Apocalypse Flamingos","R","New","24.95"
62,"Bed Highball","NC-17","Documentary","24.94"
990,"World Leathernecks","PG-13","Horror","24.92"
230,"Diary Panic","G","Drama","24.92"
636,"Oleander Clue","PG","Music","24.91"
629,"Notorious Reunion","NC-17","Documentary","24.87"
258,"Drums Dynamite","PG","Horror","24.87"
809,"Slipper Fidelity","PG-13","Sports","24.86"
562,"Masked Bubble","PG-13","Music","24.81"
727,"Resurrection Silverado","PG","Family","24.81"
218,"Deceiver Betrayed","NC-17","Drama","24.80"
981,"Wolves Desire","NC-17","Travel","24.79"
558,"Mannequin Worst","PG-13","New","23.95"
238,"Doctor Grail","G","Children","23.95"
125,"Cassidy Wyoming","NC-17","Travel","23.94"
136,"Chaplin License","NC-17","New","23.92"
163,"Clyde Theory","PG-13","New","23.92"
76,"Birdcage Casper","NC-17","Music","23.91"
722,"Reef Salute","NC-17","Horror","23.89"
492,"Jungle Closer","NC-17","New","23.88"
424,"Holocaust Highball","R","Children","23.84"
427,"Homeward Cider","R","Documentary","23.84"
297,"Extraordinary Conquerer","G","Classics","22.94"
517,"Lesson Cleopatra","NC-17","Sports","22.94"
399,"Happiness United","G","Foreign","22.94"
622,"Newsies Story","G","Documentary","22.93"
53,"Bang Kwai","NC-17","Family","22.93"
787,"Shining Roses","G","Travel","22.92"
766,"Savannah Town","PG-13","Drama","22.90"
290,"Everyone Craft","PG","Foreign","22.89"
992,"Wrath Mile","NC-17","Documentary","22.87"
535,"Love Suicides","R","Horror","22.85"
924,"Unforgiven Zoolander","PG","Sci-Fi","22.84"
249,"Dracula Crystal","G","Classics","22.81"
237,"Divorce Shining","G","Sports","21.95"
675,"Phantom Glory","NC-17","New","21.94"
959,"Warlock Werewolf","G","Children","21.94"
513,"Leathernecks Dwarfs","PG-13","Travel","21.94"
498,"Killer Innocent","R","Family","21.94"
605,"Mulholland Beast","PG","Foreign","21.93"
539,"Luck Opus","NC-17","Drama","21.93"
34,"Arabia Dogma","NC-17","Horror","21.88"
153,"Citizen Shrek","G","Sci-Fi","21.87"
942,"Vietnam Smoochy","PG-13","Drama","21.86"
105,"Bull Shawshank","NC-17","Action","21.84"
663,"Patient Sister","NC-17","Classics","21.82"
259,"Duck Racer","NC-17","Animation","20.95"
610,"Music Boondock","R","Family","20.83"
479,"Jedi Beneath","PG","Family","20.82"
97,"Bride Intrigue","G","Action","20.82"
352,"Gathering Calendar","PG-13","Games","19.90"
593,"Monterey Labyrinth","G","Horror","19.89"
882,"Tenenbaums Command","PG-13","Drama","19.88"
821,"Sorority Queen","NC-17","Foreign","19.88"
440,"Hunger Roof","G","Foreign","19.88"
634,"Odds Boogie","NC-17","Family","19.87"
894,"Tomatoes Hellfighters","PG","Travel","19.86"
754,"Rushmore Mermaid","PG-13","Comedy","18.94"
799,"Simon North","NC-17","Horror","18.94"
569,"Menagerie Rushmore","G","Animation","18.94"
454,"Impact Aladdin","PG-13","Music","18.92"
834,"Spoilers Hellfighters","G","Documentary","18.91"
509,"Language Cowboy","NC-17","Children","18.90"
831,"Spirited Casualties","PG-13","Sci-Fi","18.90"
186,"Craft Outfield","NC-17","Drama","18.86"
688,"Polish Brooklyn","PG","Children","18.85"
507,"Ladybugs Armageddon","NC-17","Games","17.94"
520,"License Weekend","NC-17","Sci-Fi","17.94"
547,"Magic Mallrats","PG","Children","17.93"
613,"Mystic Truman","NC-17","Comedy","17.92"
425,"Holy Tadpole","R","Classics","17.92"
357,"Gilbert Pelican","G","Classics","17.91"
283,"Ending Crowds","NC-17","New","17.90"
27,"Anonymous Human","NC-17","Sports","17.87"
855,"Streak Ridgemont","PG-13","Documentary","17.87"
430,"Hook Chariots","G","Animation","17.87"
696,"Pride Alamo","NC-17","Animation","17.85"
812,"Smoking Barbarella","PG-13","Documentary","17.84"
180,"Conspiracy Spirit","PG-13","Classics","16.95"
343,"Full Flatliners","PG","Children","16.95"
94,"Braveheart Human","PG-13","Family","16.95"
997,"Youth Kick","NC-17","Music","16.94"
868,"Superfly Trip","PG","Travel","16.91"
66,"Beneath Rush","NC-17","Children","16.90"
339,"Frogmen Breaking","R","Travel","16.90"
598,"Mosquito Armageddon","G","Sports","16.89"
64,"Beethoven Exorcist","PG-13","Drama","16.89"
538,"Loverboy Attacks","PG-13","New","16.89"
348,"Gandhi Kwai","PG-13","Family","16.87"
795,"Siege Madre","R","Family","16.86"
584,"Mixed Doors","PG-13","Foreign","15.96"
400,"Hardly Robbers","R","Documentary","15.96"
612,"Mussolini Spoilers","G","Sports","15.95"
974,"Wild Apollo","R","New","15.94"
511,"Lawrence Love","NC-17","Action","15.87"
797,"Silence Kane","R","Music","15.85"
362,"Glory Tracy","PG-13","Games","14.95"
935,"Vanished Garden","R","New","14.94"
808,"Sling Luke","R","Classics","14.94"
752,"Runner Madigan","NC-17","Music","14.92"
194,"Crow Grease","PG","Action","14.89"
813,"Smoochy Control","R","Sports","14.88"
762,"Sassy Packer","G","Games","14.88"
63,"Bedazzled Married","PG","Family","14.88"
379,"Greedy Roots","R","Drama","14.87"
830,"Spirit Flintstones","R","Horror","14.86"
262,"Dumbo Lust","NC-17","Family","13.94"
965,"Watership Frontier","G","Horror","13.94"
493,"Kane Exorcist","R","Foreign","13.88"
423,"Hollywood Anonymous","PG","Children","13.87"
407,"Hawk Chill","PG-13","Documentary","12.94"
516,"Legend Jedi","PG","Music","12.92"
630,"Notting Speakeasy","PG-13","Drama","12.91"
940,"Victory Academy","PG-13","Sports","12.91"
931,"Valentine Vanishing","PG-13","Travel","12.90"
947,"Vision Torque","PG-13","Foreign","11.94"
866,"Sunset Racer","NC-17","Family","11.93"
751,"Runaway Tenenbaums","NC-17","New","11.93"
822,"Soup Wisdom","R","Family","11.93"
594,"Montezuma Command","NC-17","Action","11.91"
157,"Clockwork Paradise","PG-13","Children","11.90"
998,"Zhivago Core","NC-17","Horror","10.93"
566,"Maude Mod","R","Foreign","10.93"
477,"Jawbreaker Brooklyn","PG","Music","10.91"
899,"Towers Hurricane","NC-17","Classics","10.91"
168,"Comancheros Enemy","R","Children","9.94"
52,"Ballroom Mockingbird","G","Foreign","9.93"
178,"Connection Microcosmos","G","Comedy","8.95"
401,"Harold French","NC-17","Drama","8.93"
355,"Ghostbusters Elf","R","Animation","8.93"
475,"Japanese Run","G","Horror","7.94"
839,"Stallion Sundance","PG-13","Sci-Fi","7.94"
523,"Lights Deer","R","Classics","7.93"
910,"Treatment Jekyll","PG","Drama","6.94"
196,"Cruelty Unforgiven","G","Classics","6.94"
996,"Young Language","G","Documentary","6.93"
718,"Rebel Airport","G","Music","6.93"
335,"Freedom Cleopatra","PG-13","Comedy","5.95"
635,"Oklahoma Jumanji","PG","New","5.94"
261,"Duffel Apocalypse","G","Documentary","5.94"
885,"Texas Watch","NC-17","Horror","5.94"
